mysql> select * from hospital;
+--------------+--------+------------+----------+---------+--------+------+
| patient_name | gender | address    | phone_no | disease | dob    | age  |
+--------------+--------+------------+----------+---------+--------+------+
| bharath      | m      | velachery  |    93456 | cancer  |  23456 |   20 |
| kartik       | m      | mogappair  |    99999 | cold    | 291002 |   19 |
| keyan        | f      | palani     |    94399 | stroke  |  28384 |   18 |
| nattu        | f      | madhacaram |    94599 | fever   |  28384 |   18 |
+--------------+--------+------------+----------+---------+--------+------+
4 rows in set (0.00 sec)

mysql> select * from hospital
    -> order by disease;
+--------------+--------+------------+----------+---------+--------+------+
| patient_name | gender | address    | phone_no | disease | dob    | age  |
+--------------+--------+------------+----------+---------+--------+------+
| bharath      | m      | velachery  |    93456 | cancer  |  23456 |   20 |
| kartik       | m      | mogappair  |    99999 | cold    | 291002 |   19 |
| nattu        | f      | madhacaram |    94599 | fever   |  28384 |   18 |
| keyan        | f      | palani     |    94399 | stroke  |  28384 |   18 |
+--------------+--------+------------+----------+---------+--------+------+
4 rows in set (0.01 sec)

mysql> select * from hospital
    -> group by(address);
+--------------+--------+------------+----------+---------+--------+------+
| patient_name | gender | address    | phone_no | disease | dob    | age  |
+--------------+--------+------------+----------+---------+--------+------+
| nattu        | f      | madhacaram |    94599 | fever   |  28384 |   18 |
| kartik       | m      | mogappair  |    99999 | cold    | 291002 |   19 |
| keyan        | f      | palani     |    94399 | stroke  |  28384 |   18 |
| bharath      | m      | velachery  |    93456 | cancer  |  23456 |   20 |
+--------------+--------+------------+----------+---------+--------+------+
4 rows in set (0.01 sec)

mysql> select * from hospital
    -> group by(address)
    -> having age>19;
+--------------+--------+-----------+----------+---------+-------+------+
| patient_name | gender | address   | phone_no | disease | dob   | age  |
+--------------+--------+-----------+----------+---------+-------+------+
| bharath      | m      | velachery |    93456 | cancer  | 23456 |   20 |
+--------------+--------+-----------+----------+---------+-------+------+
1 row in set (0.01 sec)

mysql>